USE [master]
GO
/****** Object:  Database [USALS-2]    Script Date: 5/17/2021 1:17:15 PM ******/
CREATE DATABASE [USALS-2]
 CONTAINMENT = NONE
 ON  PRIMARY 
( NAME = N'USALS-2', FILENAME = N'D:\SQL_DATA\USALS-2.mdf' , SIZE = 8192KB , MAXSIZE = UNLIMITED, FILEGROWTH = 65536KB )
 LOG ON 
( NAME = N'USALS-2_log', FILENAME = N'D:\SQL_DATA\USALS-2_log.ldf' , SIZE = 8192KB , MAXSIZE = 2048GB , FILEGROWTH = 65536KB )
GO
ALTER DATABASE [USALS-2] SET COMPATIBILITY_LEVEL = 130
GO
IF (1 = FULLTEXTSERVICEPROPERTY('IsFullTextInstalled'))
begin
EXEC [USALS-2].[dbo].[sp_fulltext_database] @action = 'enable'
end
GO
ALTER DATABASE [USALS-2] SET ANSI_NULL_DEFAULT OFF 
GO
ALTER DATABASE [USALS-2] SET ANSI_NULLS OFF 
GO
ALTER DATABASE [USALS-2] SET ANSI_PADDING OFF 
GO
ALTER DATABASE [USALS-2] SET ANSI_WARNINGS OFF 
GO
ALTER DATABASE [USALS-2] SET ARITHABORT OFF 
GO
ALTER DATABASE [USALS-2] SET AUTO_CLOSE OFF 
GO
ALTER DATABASE [USALS-2] SET AUTO_SHRINK OFF 
GO
ALTER DATABASE [USALS-2] SET AUTO_UPDATE_STATISTICS ON 
GO
ALTER DATABASE [USALS-2] SET CURSOR_CLOSE_ON_COMMIT OFF 
GO
ALTER DATABASE [USALS-2] SET CURSOR_DEFAULT  GLOBAL 
GO
ALTER DATABASE [USALS-2] SET CONCAT_NULL_YIELDS_NULL OFF 
GO
ALTER DATABASE [USALS-2] SET NUMERIC_ROUNDABORT OFF 
GO
ALTER DATABASE [USALS-2] SET QUOTED_IDENTIFIER OFF 
GO
ALTER DATABASE [USALS-2] SET RECURSIVE_TRIGGERS OFF 
GO
ALTER DATABASE [USALS-2] SET  DISABLE_BROKER 
GO
ALTER DATABASE [USALS-2] SET AUTO_UPDATE_STATISTICS_ASYNC OFF 
GO
ALTER DATABASE [USALS-2] SET DATE_CORRELATION_OPTIMIZATION OFF 
GO
ALTER DATABASE [USALS-2] SET TRUSTWORTHY OFF 
GO
ALTER DATABASE [USALS-2] SET ALLOW_SNAPSHOT_ISOLATION OFF 
GO
ALTER DATABASE [USALS-2] SET PARAMETERIZATION SIMPLE 
GO
ALTER DATABASE [USALS-2] SET READ_COMMITTED_SNAPSHOT OFF 
GO
ALTER DATABASE [USALS-2] SET HONOR_BROKER_PRIORITY OFF 
GO
ALTER DATABASE [USALS-2] SET RECOVERY FULL 
GO
ALTER DATABASE [USALS-2] SET  MULTI_USER 
GO
ALTER DATABASE [USALS-2] SET PAGE_VERIFY CHECKSUM  
GO
ALTER DATABASE [USALS-2] SET DB_CHAINING OFF 
GO
ALTER DATABASE [USALS-2] SET FILESTREAM( NON_TRANSACTED_ACCESS = OFF ) 
GO
ALTER DATABASE [USALS-2] SET TARGET_RECOVERY_TIME = 60 SECONDS 
GO
ALTER DATABASE [USALS-2] SET DELAYED_DURABILITY = DISABLED 
GO
EXEC sys.sp_db_vardecimal_storage_format N'USALS-2', N'ON'
GO
ALTER DATABASE [USALS-2] SET QUERY_STORE = OFF
GO
USE [USALS-2]
GO
/****** Object:  Table [dbo].[DBMenu]    Script Date: 5/17/2021 1:17:16 PM ******/
SET ANSI_NULLS ON
GO
SET QUOTED_IDENTIFIER ON
GO
CREATE TABLE [dbo].[DBMenu](
	[MENU_ID] [bigint] NOT NULL,
	[MENU_DESCRIPTION] [nvarchar](255) NOT NULL,
	[MENU_CODE] [nchar](12) NULL,
	[MENU_TYPE] [varchar](1) NULL,
 CONSTRAINT [PK_DBMenu] PRIMARY KEY CLUSTERED 
(
	[MENU_ID] ASC
)WITH (PAD_INDEX = OFF, STATISTICS_NORECOMPUTE = OFF, IGNORE_DUP_KEY = OFF, ALLOW_ROW_LOCKS = ON, ALLOW_PAGE_LOCKS = ON) ON [PRIMARY]
) ON [PRIMARY]
GO
/****** Object:  Table [dbo].[DBProperties]    Script Date: 5/17/2021 1:17:16 PM ******/
SET ANSI_NULLS ON
GO
SET QUOTED_IDENTIFIER ON
GO
CREATE TABLE [dbo].[DBProperties](
	[DB_ID] [bigint] NOT NULL,
	[DB_NAME] [nvarchar](255) NULL,
	[DB_START] [date] NULL,
	[DB_END] [date] NULL,
	[DB_COMPANYNAME] [nvarchar](max) NULL,
	[DB_COMPLOGO_PATH] [nvarchar](255) NULL,
	[DB_DBSTORAGE_PATH] [nvarchar](255) NULL,
	[DB_CNICRECORD_PATH] [nvarchar](255) NULL,
	[DB_BACKUPDATA_PATH] [nvarchar](255) NULL,
	[DB_PHOTORECORD_PATH] [nvarchar](255) NULL,
 CONSTRAINT [PK_DBProperties] PRIMARY KEY CLUSTERED 
(
	[DB_ID] ASC
)WITH (PAD_INDEX = OFF, STATISTICS_NORECOMPUTE = OFF, IGNORE_DUP_KEY = OFF, ALLOW_ROW_LOCKS = ON, ALLOW_PAGE_LOCKS = ON) ON [PRIMARY]
) ON [PRIMARY] TEXTIMAGE_ON [PRIMARY]
GO
/****** Object:  Table [dbo].[DBUserRights]    Script Date: 5/17/2021 1:17:16 PM ******/
SET ANSI_NULLS ON
GO
SET QUOTED_IDENTIFIER ON
GO
CREATE TABLE [dbo].[DBUserRights](
	[DB_ID] [bigint] NOT NULL,
	[USER_ID] [bigint] NOT NULL,
	[ACCESSTOMENU_ALLOWED] [nvarchar](255) NULL,
	[SUAUL_RIGHTS_ADD] [nvarchar](255) NULL,
	[SUAUL_RIGHTS_MODIFY] [nvarchar](255) NULL,
	[SUAUL_RIGHTS_REMOVE] [nvarchar](255) NULL,
	[SUAUL_RIGHTS_PRINT] [nvarchar](255) NULL,
	[ADS2_RIGHTS_ADD] [nvarchar](255) NULL,
	[ADS2_RIGHTS_MODIFY] [nvarchar](255) NULL,
	[ADS2_RIGHTS_REMOVE] [nvarchar](255) NULL,
	[ADS2_RIGHTS_PRINT] [nvarchar](255) NULL,
 CONSTRAINT [PK_DBUserRights] PRIMARY KEY CLUSTERED 
(
	[DB_ID] ASC,
	[USER_ID] ASC
)WITH (PAD_INDEX = OFF, STATISTICS_NORECOMPUTE = OFF, IGNORE_DUP_KEY = OFF, ALLOW_ROW_LOCKS = ON, ALLOW_PAGE_LOCKS = ON) ON [PRIMARY]
) ON [PRIMARY]
GO
/****** Object:  Table [dbo].[DBUsers]    Script Date: 5/17/2021 1:17:16 PM ******/
SET ANSI_NULLS ON
GO
SET QUOTED_IDENTIFIER ON
GO
CREATE TABLE [dbo].[DBUsers](
	[USER_ID] [bigint] NOT NULL,
	[USER_NAME] [nvarchar](255) NULL,
	[USER_PASSWORD] [nvarchar](255) NULL,
	[USER_PATH_PHOTO] [nvarchar](255) NULL,
	[USER_PATH_CNIC] [nvarchar](255) NULL,
	[USER_POSITION] [nvarchar](255) NULL,
	[USER_LOCATION] [nvarchar](255) NULL,
	[USER_ACCOPENDATE] [date] NULL,
	[USER_ACCOPENTIME] [time](7) NULL,
 CONSTRAINT [PK_DBUsers] PRIMARY KEY CLUSTERED 
(
	[USER_ID] ASC
)WITH (PAD_INDEX = OFF, STATISTICS_NORECOMPUTE = OFF, IGNORE_DUP_KEY = OFF, ALLOW_ROW_LOCKS = ON, ALLOW_PAGE_LOCKS = ON) ON [PRIMARY]
) ON [PRIMARY]
GO
/****** Object:  Table [dbo].[UsersLogActivities]    Script Date: 5/17/2021 1:17:16 PM ******/
SET ANSI_NULLS ON
GO
SET QUOTED_IDENTIFIER ON
GO
CREATE TABLE [dbo].[UsersLogActivities](
	[UserLogActivity_ID] [bigint] NOT NULL,
	[LOG_ID] [bigint] NULL,
	[MENU_ID] [bigint] NULL,
	[OLDACTHEAD_ID] [nchar](10) NULL,
	[NEWACTHEAD_ID] [nchar](10) NULL,
	[OLDTRANS_AMT] [nchar](10) NULL,
	[NEWTRANS_AMT] [nchar](10) NULL,
	[OLDALLOCATION_ID] [nchar](10) NULL,
	[NEWALLOCATION_ID] [nchar](10) NULL,
	[ALEDGER_ID] [nchar](10) NULL,
	[ILEDGER_ID] [nchar](10) NULL,
	[LOG_DESCRIPTION] [nvarchar](max) NULL,
 CONSTRAINT [PK_UsersLogActivities] PRIMARY KEY CLUSTERED 
(
	[UserLogActivity_ID] ASC
)WITH (PAD_INDEX = OFF, STATISTICS_NORECOMPUTE = OFF, IGNORE_DUP_KEY = OFF, ALLOW_ROW_LOCKS = ON, ALLOW_PAGE_LOCKS = ON) ON [PRIMARY]
) ON [PRIMARY] TEXTIMAGE_ON [PRIMARY]
GO
/****** Object:  Table [dbo].[UsersLogs]    Script Date: 5/17/2021 1:17:16 PM ******/
SET ANSI_NULLS ON
GO
SET QUOTED_IDENTIFIER ON
GO
CREATE TABLE [dbo].[UsersLogs](
	[LOG_ID] [bigint] NOT NULL,
	[USER_ID] [bigint] NULL,
	[LOGIN_DATE] [date] NULL,
	[LOGIN_TIME] [time](7) NULL,
	[LOGOUT_DATE] [date] NULL,
	[LOGOUT_TIME] [time](7) NULL,
	[MODULE_TYPE] [nvarchar](1) NULL,
 CONSTRAINT [PK_UsersLogs] PRIMARY KEY CLUSTERED 
(
	[LOG_ID] ASC
)WITH (PAD_INDEX = OFF, STATISTICS_NORECOMPUTE = OFF, IGNORE_DUP_KEY = OFF, ALLOW_ROW_LOCKS = ON, ALLOW_PAGE_LOCKS = ON) ON [PRIMARY]
) ON [PRIMARY]
GO
INSERT [dbo].[DBMenu] ([MENU_ID], [MENU_DESCRIPTION], [MENU_CODE], [MENU_TYPE]) VALUES (1, N'Charting', N'0100000000  ', N'A')
GO
INSERT [dbo].[DBMenu] ([MENU_ID], [MENU_DESCRIPTION], [MENU_CODE], [MENU_TYPE]) VALUES (2, N'List Account Head', N'0101000000  ', N'A')
GO
INSERT [dbo].[DBMenu] ([MENU_ID], [MENU_DESCRIPTION], [MENU_CODE], [MENU_TYPE]) VALUES (3, N'List Inventory Head', N'0102000000  ', N'A')
GO
INSERT [dbo].[DBMenu] ([MENU_ID], [MENU_DESCRIPTION], [MENU_CODE], [MENU_TYPE]) VALUES (4, N'List Account Parent Head', N'0103000000  ', N'A')
GO
INSERT [dbo].[DBMenu] ([MENU_ID], [MENU_DESCRIPTION], [MENU_CODE], [MENU_TYPE]) VALUES (5, N'List Inventory Parent Head', N'0104000000  ', N'A')
GO
INSERT [dbo].[DBMenu] ([MENU_ID], [MENU_DESCRIPTION], [MENU_CODE], [MENU_TYPE]) VALUES (6, N'List Account Attributes', N'0105000000  ', N'A')
GO
INSERT [dbo].[DBMenu] ([MENU_ID], [MENU_DESCRIPTION], [MENU_CODE], [MENU_TYPE]) VALUES (7, N'List Inventory Attributes', N'0106000000  ', N'A')
GO
INSERT [dbo].[DBMenu] ([MENU_ID], [MENU_DESCRIPTION], [MENU_CODE], [MENU_TYPE]) VALUES (8, N'Opening Balances', N'0200000000  ', N'A')
GO
INSERT [dbo].[DBMenu] ([MENU_ID], [MENU_DESCRIPTION], [MENU_CODE], [MENU_TYPE]) VALUES (9, N'List Account Head Opening Balance', N'0201000000  ', N'A')
GO
INSERT [dbo].[DBMenu] ([MENU_ID], [MENU_DESCRIPTION], [MENU_CODE], [MENU_TYPE]) VALUES (10, N'List Inventory Head Opening Balance', N'0202000000  ', N'A')
GO
INSERT [dbo].[DBMenu] ([MENU_ID], [MENU_DESCRIPTION], [MENU_CODE], [MENU_TYPE]) VALUES (11, N'Carry Forward to Next Year', N'0203000000  ', N'A')
GO
INSERT [dbo].[DBMenu] ([MENU_ID], [MENU_DESCRIPTION], [MENU_CODE], [MENU_TYPE]) VALUES (12, N'Account Head', N'0203010000  ', N'A')
GO
INSERT [dbo].[DBMenu] ([MENU_ID], [MENU_DESCRIPTION], [MENU_CODE], [MENU_TYPE]) VALUES (13, N'Inventory Head', N'0203020000  ', N'A')
GO
INSERT [dbo].[DBMenu] ([MENU_ID], [MENU_DESCRIPTION], [MENU_CODE], [MENU_TYPE]) VALUES (14, N'Brought Forward from Last Year', N'0204000000  ', N'A')
GO
INSERT [dbo].[DBMenu] ([MENU_ID], [MENU_DESCRIPTION], [MENU_CODE], [MENU_TYPE]) VALUES (15, N'Account Head', N'0204010000  ', N'A')
GO
INSERT [dbo].[DBMenu] ([MENU_ID], [MENU_DESCRIPTION], [MENU_CODE], [MENU_TYPE]) VALUES (16, N'Inventory Head', N'0204020000  ', N'A')
GO
INSERT [dbo].[DBMenu] ([MENU_ID], [MENU_DESCRIPTION], [MENU_CODE], [MENU_TYPE]) VALUES (17, N'Accounting Transactions', N'0300000000  ', N'A')
GO
INSERT [dbo].[DBMenu] ([MENU_ID], [MENU_DESCRIPTION], [MENU_CODE], [MENU_TYPE]) VALUES (18, N'List Books', N'0301000000  ', N'A')
GO
INSERT [dbo].[DBMenu] ([MENU_ID], [MENU_DESCRIPTION], [MENU_CODE], [MENU_TYPE]) VALUES (19, N'List Vouchers', N'0302000000  ', N'A')
GO
INSERT [dbo].[DBMenu] ([MENU_ID], [MENU_DESCRIPTION], [MENU_CODE], [MENU_TYPE]) VALUES (20, N'Change Voucher Types', N'0303000000  ', N'A')
GO
INSERT [dbo].[DBMenu] ([MENU_ID], [MENU_DESCRIPTION], [MENU_CODE], [MENU_TYPE]) VALUES (21, N'Transaction Appproval', N'0304000000  ', N'A')
GO
INSERT [dbo].[DBMenu] ([MENU_ID], [MENU_DESCRIPTION], [MENU_CODE], [MENU_TYPE]) VALUES (22, N'Transaction Marking', N'0305000000  ', N'A')
GO
INSERT [dbo].[DBMenu] ([MENU_ID], [MENU_DESCRIPTION], [MENU_CODE], [MENU_TYPE]) VALUES (23, N'Purchases', N'0400000000  ', N'A')
GO
INSERT [dbo].[DBMenu] ([MENU_ID], [MENU_DESCRIPTION], [MENU_CODE], [MENU_TYPE]) VALUES (24, N'List Purchase Requisition', N'0401000000  ', N'A')
GO
INSERT [dbo].[DBMenu] ([MENU_ID], [MENU_DESCRIPTION], [MENU_CODE], [MENU_TYPE]) VALUES (25, N'List Purchase Orders', N'0402000000  ', N'A')
GO
INSERT [dbo].[DBMenu] ([MENU_ID], [MENU_DESCRIPTION], [MENU_CODE], [MENU_TYPE]) VALUES (26, N'List Goods Receipt Note', N'0403000000  ', N'A')
GO
INSERT [dbo].[DBMenu] ([MENU_ID], [MENU_DESCRIPTION], [MENU_CODE], [MENU_TYPE]) VALUES (27, N'List Purchase Bill', N'0404000000  ', N'A')
GO
INSERT [dbo].[DBMenu] ([MENU_ID], [MENU_DESCRIPTION], [MENU_CODE], [MENU_TYPE]) VALUES (28, N'List Purchase Returns', N'0405000000  ', N'A')
GO
INSERT [dbo].[DBMenu] ([MENU_ID], [MENU_DESCRIPTION], [MENU_CODE], [MENU_TYPE]) VALUES (29, N'List Export Invoices', N'0406000000  ', N'A')
GO
INSERT [dbo].[DBMenu] ([MENU_ID], [MENU_DESCRIPTION], [MENU_CODE], [MENU_TYPE]) VALUES (30, N'Sales', N'0500000000  ', N'A')
GO
INSERT [dbo].[DBMenu] ([MENU_ID], [MENU_DESCRIPTION], [MENU_CODE], [MENU_TYPE]) VALUES (31, N'List Sales Inquiry', N'0501000000  ', N'A')
GO
INSERT [dbo].[DBMenu] ([MENU_ID], [MENU_DESCRIPTION], [MENU_CODE], [MENU_TYPE]) VALUES (32, N'List Sales Order', N'0502000000  ', N'A')
GO
INSERT [dbo].[DBMenu] ([MENU_ID], [MENU_DESCRIPTION], [MENU_CODE], [MENU_TYPE]) VALUES (33, N'List Delivery Note', N'0503000000  ', N'A')
GO
INSERT [dbo].[DBMenu] ([MENU_ID], [MENU_DESCRIPTION], [MENU_CODE], [MENU_TYPE]) VALUES (34, N'List Sales Invoice', N'0504000000  ', N'A')
GO
INSERT [dbo].[DBMenu] ([MENU_ID], [MENU_DESCRIPTION], [MENU_CODE], [MENU_TYPE]) VALUES (35, N'List Cash Memo', N'0505000000  ', N'A')
GO
INSERT [dbo].[DBMenu] ([MENU_ID], [MENU_DESCRIPTION], [MENU_CODE], [MENU_TYPE]) VALUES (36, N'List Sales Return', N'0506000000  ', N'A')
GO
INSERT [dbo].[DBMenu] ([MENU_ID], [MENU_DESCRIPTION], [MENU_CODE], [MENU_TYPE]) VALUES (37, N'List Import Bills', N'0507000000  ', N'A')
GO
INSERT [dbo].[DBMenu] ([MENU_ID], [MENU_DESCRIPTION], [MENU_CODE], [MENU_TYPE]) VALUES (38, N'Production and Consumption', N'0600000000  ', N'A')
GO
INSERT [dbo].[DBMenu] ([MENU_ID], [MENU_DESCRIPTION], [MENU_CODE], [MENU_TYPE]) VALUES (39, N'List Store Issue Slips', N'0601000000  ', N'A')
GO
INSERT [dbo].[DBMenu] ([MENU_ID], [MENU_DESCRIPTION], [MENU_CODE], [MENU_TYPE]) VALUES (40, N'List Store Return Slips', N'0602000000  ', N'A')
GO
INSERT [dbo].[DBMenu] ([MENU_ID], [MENU_DESCRIPTION], [MENU_CODE], [MENU_TYPE]) VALUES (41, N'List Production and Concumption Cost', N'0603000000  ', N'A')
GO
INSERT [dbo].[DBMenu] ([MENU_ID], [MENU_DESCRIPTION], [MENU_CODE], [MENU_TYPE]) VALUES (42, N'List Production Cost', N'0604000000  ', N'A')
GO
INSERT [dbo].[DBMenu] ([MENU_ID], [MENU_DESCRIPTION], [MENU_CODE], [MENU_TYPE]) VALUES (43, N'Generate Consumption Voucher', N'0605000000  ', N'A')
GO
INSERT [dbo].[DBMenu] ([MENU_ID], [MENU_DESCRIPTION], [MENU_CODE], [MENU_TYPE]) VALUES (44, N'Reports', N'0700000000  ', N'A')
GO
INSERT [dbo].[DBMenu] ([MENU_ID], [MENU_DESCRIPTION], [MENU_CODE], [MENU_TYPE]) VALUES (45, N'List of Designed Layouts', N'0701000000  ', N'A')
GO
INSERT [dbo].[DBMenu] ([MENU_ID], [MENU_DESCRIPTION], [MENU_CODE], [MENU_TYPE]) VALUES (46, N'Generate & Print Financial Statements', N'0702000000  ', N'A')
GO
INSERT [dbo].[DBMenu] ([MENU_ID], [MENU_DESCRIPTION], [MENU_CODE], [MENU_TYPE]) VALUES (47, N'Generate & Print Accounting Reports', N'0703000000  ', N'A')
GO
INSERT [dbo].[DBMenu] ([MENU_ID], [MENU_DESCRIPTION], [MENU_CODE], [MENU_TYPE]) VALUES (48, N'Generate & Print Voucher Journal', N'0703010000  ', N'A')
GO
INSERT [dbo].[DBMenu] ([MENU_ID], [MENU_DESCRIPTION], [MENU_CODE], [MENU_TYPE]) VALUES (49, N'Generate & Print Books', N'0703020000  ', N'A')
GO
INSERT [dbo].[DBMenu] ([MENU_ID], [MENU_DESCRIPTION], [MENU_CODE], [MENU_TYPE]) VALUES (50, N'Generate & Print Transaction Register', N'0703030000  ', N'A')
GO
INSERT [dbo].[DBMenu] ([MENU_ID], [MENU_DESCRIPTION], [MENU_CODE], [MENU_TYPE]) VALUES (51, N'Generate & Print Ledger of Account Heads', N'0703040000  ', N'A')
GO
INSERT [dbo].[DBMenu] ([MENU_ID], [MENU_DESCRIPTION], [MENU_CODE], [MENU_TYPE]) VALUES (52, N'Generate & Print Trial Balance', N'0703050000  ', N'A')
GO
INSERT [dbo].[DBMenu] ([MENU_ID], [MENU_DESCRIPTION], [MENU_CODE], [MENU_TYPE]) VALUES (53, N'Generate & Print Ageing Report', N'0703060000  ', N'A')
GO
INSERT [dbo].[DBMenu] ([MENU_ID], [MENU_DESCRIPTION], [MENU_CODE], [MENU_TYPE]) VALUES (54, N'Generate & Print Invoice Wise Outstanding Report', N'0703070000  ', N'A')
GO
INSERT [dbo].[DBMenu] ([MENU_ID], [MENU_DESCRIPTION], [MENU_CODE], [MENU_TYPE]) VALUES (55, N'Generate & Print Credit Exposure Report', N'0703080000  ', N'A')
GO
INSERT [dbo].[DBMenu] ([MENU_ID], [MENU_DESCRIPTION], [MENU_CODE], [MENU_TYPE]) VALUES (56, N'Generate & Print Collection & Sales Report', N'0703090000  ', N'A')
GO
INSERT [dbo].[DBMenu] ([MENU_ID], [MENU_DESCRIPTION], [MENU_CODE], [MENU_TYPE]) VALUES (57, N'Generate & Print Payments & Purchase Report', N'0703100000  ', N'A')
GO
INSERT [dbo].[DBMenu] ([MENU_ID], [MENU_DESCRIPTION], [MENU_CODE], [MENU_TYPE]) VALUES (58, N'Generate & Print Monthly Comparison Report', N'0703110000  ', N'A')
GO
INSERT [dbo].[DBMenu] ([MENU_ID], [MENU_DESCRIPTION], [MENU_CODE], [MENU_TYPE]) VALUES (59, N'Generate & Print Markup Calculation Summary', N'0703120000  ', N'A')
GO
INSERT [dbo].[DBMenu] ([MENU_ID], [MENU_DESCRIPTION], [MENU_CODE], [MENU_TYPE]) VALUES (60, N'Generate & Print Markup Calculation Detail', N'0703130000  ', N'A')
GO
INSERT [dbo].[DBMenu] ([MENU_ID], [MENU_DESCRIPTION], [MENU_CODE], [MENU_TYPE]) VALUES (61, N'Generate & Print Receipt & Payment Report', N'0703140000  ', N'A')
GO
INSERT [dbo].[DBMenu] ([MENU_ID], [MENU_DESCRIPTION], [MENU_CODE], [MENU_TYPE]) VALUES (62, N'Generate & Print Inventory Reports', N'0704000000  ', N'A')
GO
INSERT [dbo].[DBMenu] ([MENU_ID], [MENU_DESCRIPTION], [MENU_CODE], [MENU_TYPE]) VALUES (63, N'Generate & Print Sales Report', N'0704010000  ', N'A')
GO
INSERT [dbo].[DBMenu] ([MENU_ID], [MENU_DESCRIPTION], [MENU_CODE], [MENU_TYPE]) VALUES (64, N'Generate & Print Sales Order', N'0704010100  ', N'A')
GO
INSERT [dbo].[DBMenu] ([MENU_ID], [MENU_DESCRIPTION], [MENU_CODE], [MENU_TYPE]) VALUES (65, N'Generate & Print Sales Register', N'0704010200  ', N'A')
GO
INSERT [dbo].[DBMenu] ([MENU_ID], [MENU_DESCRIPTION], [MENU_CODE], [MENU_TYPE]) VALUES (66, N'Generate & Print Sales Summary Itemwise', N'0704010300  ', N'A')
GO
INSERT [dbo].[DBMenu] ([MENU_ID], [MENU_DESCRIPTION], [MENU_CODE], [MENU_TYPE]) VALUES (67, N'Generate & Print Sales Summary Accountwise', N'0704010400  ', N'A')
GO
INSERT [dbo].[DBMenu] ([MENU_ID], [MENU_DESCRIPTION], [MENU_CODE], [MENU_TYPE]) VALUES (68, N'Generate & Print Sales Summary Itemwise Partywise', N'0704010500  ', N'A')
GO
INSERT [dbo].[DBMenu] ([MENU_ID], [MENU_DESCRIPTION], [MENU_CODE], [MENU_TYPE]) VALUES (69, N'Generate & Print Sales Summary Partywise Itemwise ', N'0704010600  ', N'A')
GO
INSERT [dbo].[DBMenu] ([MENU_ID], [MENU_DESCRIPTION], [MENU_CODE], [MENU_TYPE]) VALUES (70, N'Generate & Print Sales Return Register', N'0704010700  ', N'A')
GO
INSERT [dbo].[DBMenu] ([MENU_ID], [MENU_DESCRIPTION], [MENU_CODE], [MENU_TYPE]) VALUES (71, N'Generate & Print Sales Return Summary Itemwise', N'0704010800  ', N'A')
GO
INSERT [dbo].[DBMenu] ([MENU_ID], [MENU_DESCRIPTION], [MENU_CODE], [MENU_TYPE]) VALUES (72, N'Generate & Print Sales Return Summary Accountwise', N'0704010900  ', N'A')
GO
INSERT [dbo].[DBMenu] ([MENU_ID], [MENU_DESCRIPTION], [MENU_CODE], [MENU_TYPE]) VALUES (73, N'Generate & Print Sales Return Summary Itemwise Partywise', N'0704011000  ', N'A')
GO
INSERT [dbo].[DBMenu] ([MENU_ID], [MENU_DESCRIPTION], [MENU_CODE], [MENU_TYPE]) VALUES (74, N'Generate & Print Sales Return Summary Partywise Itemwise', N'0704011100  ', N'A')
GO
INSERT [dbo].[DBMenu] ([MENU_ID], [MENU_DESCRIPTION], [MENU_CODE], [MENU_TYPE]) VALUES (75, N'Generate & Print Purchase Report', N'0704020000  ', N'A')
GO
INSERT [dbo].[DBMenu] ([MENU_ID], [MENU_DESCRIPTION], [MENU_CODE], [MENU_TYPE]) VALUES (76, N'Generate & Print Purchase Order', N'0704020100  ', N'A')
GO
INSERT [dbo].[DBMenu] ([MENU_ID], [MENU_DESCRIPTION], [MENU_CODE], [MENU_TYPE]) VALUES (77, N'Generate & Print Purchase Register', N'0704020200  ', N'A')
GO
INSERT [dbo].[DBMenu] ([MENU_ID], [MENU_DESCRIPTION], [MENU_CODE], [MENU_TYPE]) VALUES (78, N'Generate & Print Purchase Summary Itemwise', N'0704020300  ', N'A')
GO
INSERT [dbo].[DBMenu] ([MENU_ID], [MENU_DESCRIPTION], [MENU_CODE], [MENU_TYPE]) VALUES (79, N'Generate & Print Purchase Summary Accountwise', N'0704020400  ', N'A')
GO
INSERT [dbo].[DBMenu] ([MENU_ID], [MENU_DESCRIPTION], [MENU_CODE], [MENU_TYPE]) VALUES (80, N'Generate & Print Purchase Summary Itemwise Partywise', N'0704020500  ', N'A')
GO
INSERT [dbo].[DBMenu] ([MENU_ID], [MENU_DESCRIPTION], [MENU_CODE], [MENU_TYPE]) VALUES (81, N'Generate & Print Purchase Summary Partywise Itemwise', N'0704020600  ', N'A')
GO
INSERT [dbo].[DBMenu] ([MENU_ID], [MENU_DESCRIPTION], [MENU_CODE], [MENU_TYPE]) VALUES (82, N'Generate & Print Purchase Returns Register', N'0704020700  ', N'A')
GO
INSERT [dbo].[DBMenu] ([MENU_ID], [MENU_DESCRIPTION], [MENU_CODE], [MENU_TYPE]) VALUES (83, N'Generate & Print Purchase Returns Summary Itemwise', N'0704020800  ', N'A')
GO
INSERT [dbo].[DBMenu] ([MENU_ID], [MENU_DESCRIPTION], [MENU_CODE], [MENU_TYPE]) VALUES (84, N'Generate & Print Purchase Returns Summary Accountwise', N'0704020900  ', N'A')
GO
INSERT [dbo].[DBMenu] ([MENU_ID], [MENU_DESCRIPTION], [MENU_CODE], [MENU_TYPE]) VALUES (85, N'Generate & Print Purchase Returns Summary Itemwise Partywise', N'0704021000  ', N'A')
GO
INSERT [dbo].[DBMenu] ([MENU_ID], [MENU_DESCRIPTION], [MENU_CODE], [MENU_TYPE]) VALUES (86, N'Generate & Print Purchase Returns Summary Partywise Itemwise', N'0704021100  ', N'A')
GO
INSERT [dbo].[DBMenu] ([MENU_ID], [MENU_DESCRIPTION], [MENU_CODE], [MENU_TYPE]) VALUES (87, N'Generate & Print Production & Consumption Report', N'0704030000  ', N'A')
GO
INSERT [dbo].[DBMenu] ([MENU_ID], [MENU_DESCRIPTION], [MENU_CODE], [MENU_TYPE]) VALUES (88, N'Generate & Print Store Consumption Register', N'0704030100  ', N'A')
GO
INSERT [dbo].[DBMenu] ([MENU_ID], [MENU_DESCRIPTION], [MENU_CODE], [MENU_TYPE]) VALUES (89, N'Generate & Print Store Consumption Summary', N'0704030200  ', N'A')
GO
INSERT [dbo].[DBMenu] ([MENU_ID], [MENU_DESCRIPTION], [MENU_CODE], [MENU_TYPE]) VALUES (90, N'Generate & Print Itemwise Summary', N'0704030201  ', N'A')
GO
INSERT [dbo].[DBMenu] ([MENU_ID], [MENU_DESCRIPTION], [MENU_CODE], [MENU_TYPE]) VALUES (91, N'Generate & Print Departmentwise Summary', N'0704030202  ', N'A')
GO
INSERT [dbo].[DBMenu] ([MENU_ID], [MENU_DESCRIPTION], [MENU_CODE], [MENU_TYPE]) VALUES (92, N'Generate & Print Work-Order wise Summary', N'0704030203  ', N'A')
GO
INSERT [dbo].[DBMenu] ([MENU_ID], [MENU_DESCRIPTION], [MENU_CODE], [MENU_TYPE]) VALUES (93, N'Generate & Print Production Register', N'0704030300  ', N'A')
GO
INSERT [dbo].[DBMenu] ([MENU_ID], [MENU_DESCRIPTION], [MENU_CODE], [MENU_TYPE]) VALUES (94, N'Generate & Print Production & Consumption Summary', N'0704030400  ', N'A')
GO
INSERT [dbo].[DBMenu] ([MENU_ID], [MENU_DESCRIPTION], [MENU_CODE], [MENU_TYPE]) VALUES (95, N'Generate & Print Consumption Voucher', N'0704030500  ', N'A')
GO
INSERT [dbo].[DBMenu] ([MENU_ID], [MENU_DESCRIPTION], [MENU_CODE], [MENU_TYPE]) VALUES (96, N'Generate & Print Stock Reports', N'0704040000  ', N'A')
GO
INSERT [dbo].[DBMenu] ([MENU_ID], [MENU_DESCRIPTION], [MENU_CODE], [MENU_TYPE]) VALUES (97, N'Generate & Print Item Ledger', N'0704040100  ', N'A')
GO
INSERT [dbo].[DBMenu] ([MENU_ID], [MENU_DESCRIPTION], [MENU_CODE], [MENU_TYPE]) VALUES (98, N'Generate & Print Closing Stock Report', N'0704040200  ', N'A')
GO
INSERT [dbo].[DBMenu] ([MENU_ID], [MENU_DESCRIPTION], [MENU_CODE], [MENU_TYPE]) VALUES (99, N'Generate & Print Stock Valuation Report', N'0704040300  ', N'A')
GO
INSERT [dbo].[DBMenu] ([MENU_ID], [MENU_DESCRIPTION], [MENU_CODE], [MENU_TYPE]) VALUES (100, N'Generate & Print Negative Stock Report', N'0704040400  ', N'A')
GO
INSERT [dbo].[DBMenu] ([MENU_ID], [MENU_DESCRIPTION], [MENU_CODE], [MENU_TYPE]) VALUES (101, N'Generate & Print Stock Reorder Report', N'0704040500  ', N'A')
GO
INSERT [dbo].[DBMenu] ([MENU_ID], [MENU_DESCRIPTION], [MENU_CODE], [MENU_TYPE]) VALUES (102, N'Generate & Print Bills Payable Report', N'0704050000  ', N'A')
GO
INSERT [dbo].[DBMenu] ([MENU_ID], [MENU_DESCRIPTION], [MENU_CODE], [MENU_TYPE]) VALUES (103, N'Generate & Print Invoice Receivable Report', N'0704060000  ', N'A')
GO
INSERT [dbo].[DBMenu] ([MENU_ID], [MENU_DESCRIPTION], [MENU_CODE], [MENU_TYPE]) VALUES (104, N'Generate & Print Goods Transfer Report', N'0704070000  ', N'A')
GO
INSERT [dbo].[DBMenu] ([MENU_ID], [MENU_DESCRIPTION], [MENU_CODE], [MENU_TYPE]) VALUES (105, N'Allocation', N'0800000000  ', N'A')
GO
INSERT [dbo].[DBMenu] ([MENU_ID], [MENU_DESCRIPTION], [MENU_CODE], [MENU_TYPE]) VALUES (106, N'List Sales Invoice', N'0801000000  ', N'A')
GO
INSERT [dbo].[DBMenu] ([MENU_ID], [MENU_DESCRIPTION], [MENU_CODE], [MENU_TYPE]) VALUES (107, N'List Cost Centers', N'0802000000  ', N'A')
GO
INSERT [dbo].[DBMenu] ([MENU_ID], [MENU_DESCRIPTION], [MENU_CODE], [MENU_TYPE]) VALUES (108, N'List Department', N'0803000000  ', N'A')
GO
INSERT [dbo].[DBMenu] ([MENU_ID], [MENU_DESCRIPTION], [MENU_CODE], [MENU_TYPE]) VALUES (109, N'List Work Orders', N'0804000000  ', N'A')
GO
INSERT [dbo].[DBMenu] ([MENU_ID], [MENU_DESCRIPTION], [MENU_CODE], [MENU_TYPE]) VALUES (110, N'List Godown/Warehouses', N'0805000000  ', N'A')
GO
INSERT [dbo].[DBMenu] ([MENU_ID], [MENU_DESCRIPTION], [MENU_CODE], [MENU_TYPE]) VALUES (111, N'List Jobs', N'0806000000  ', N'A')
GO
INSERT [dbo].[DBMenu] ([MENU_ID], [MENU_DESCRIPTION], [MENU_CODE], [MENU_TYPE]) VALUES (112, N'List Projects', N'0807000000  ', N'A')
GO
INSERT [dbo].[DBMenu] ([MENU_ID], [MENU_DESCRIPTION], [MENU_CODE], [MENU_TYPE]) VALUES (113, N'List Foreign Currency', N'0808000000  ', N'A')
GO
INSERT [dbo].[DBMenu] ([MENU_ID], [MENU_DESCRIPTION], [MENU_CODE], [MENU_TYPE]) VALUES (114, N'Setup', N'0900000000  ', N'A')
GO
INSERT [dbo].[DBMenu] ([MENU_ID], [MENU_DESCRIPTION], [MENU_CODE], [MENU_TYPE]) VALUES (115, N'Data Backup', N'0901000000  ', N'A')
GO
INSERT [dbo].[DBMenu] ([MENU_ID], [MENU_DESCRIPTION], [MENU_CODE], [MENU_TYPE]) VALUES (116, N'Renumber Vouchers', N'0902000000  ', N'A')
GO
INSERT [dbo].[DBMenu] ([MENU_ID], [MENU_DESCRIPTION], [MENU_CODE], [MENU_TYPE]) VALUES (117, N'Remake Ledger', N'0903000000  ', N'A')
GO
INSERT [dbo].[DBMenu] ([MENU_ID], [MENU_DESCRIPTION], [MENU_CODE], [MENU_TYPE]) VALUES (118, N'Set Databse Properties', N'0904000000  ', N'A')
GO
INSERT [dbo].[DBProperties] ([DB_ID], [DB_NAME], [DB_START], [DB_END], [DB_COMPANYNAME], [DB_COMPLOGO_PATH], [DB_DBSTORAGE_PATH], [DB_CNICRECORD_PATH], [DB_BACKUPDATA_PATH], [DB_PHOTORECORD_PATH]) VALUES (1, N'ADS_2', CAST(N'2020-07-01' AS Date), CAST(N'2021-06-30' AS Date), N'Software Development Services', N'D:\FYP\Test Folder\SDS1.png', N'D:\SQL_DATA', N'D:\FYP\Test Folder\CNICs', N'D:\FYP\Test Folder\Database BackUp', N'D:\FYP\Test Folder\Photos')
GO
INSERT [dbo].[DBUserRights] ([DB_ID], [USER_ID], [ACCESSTOMENU_ALLOWED], [SUAUL_RIGHTS_ADD], [SUAUL_RIGHTS_MODIFY], [SUAUL_RIGHTS_REMOVE], [SUAUL_RIGHTS_PRINT], [ADS2_RIGHTS_ADD], [ADS2_RIGHTS_MODIFY], [ADS2_RIGHTS_REMOVE], [ADS2_RIGHTS_PRINT]) VALUES (1, 2, NULL, NULL, NULL, NULL, NULL, NULL, NULL, NULL, NULL)
GO
INSERT [dbo].[DBUsers] ([USER_ID], [USER_NAME], [USER_PASSWORD], [USER_PATH_PHOTO], [USER_PATH_CNIC], [USER_POSITION], [USER_LOCATION], [USER_ACCOPENDATE], [USER_ACCOPENTIME]) VALUES (1, N'admin', N'admin', NULL, NULL, NULL, NULL, NULL, NULL)
GO
INSERT [dbo].[DBUsers] ([USER_ID], [USER_NAME], [USER_PASSWORD], [USER_PATH_PHOTO], [USER_PATH_CNIC], [USER_POSITION], [USER_LOCATION], [USER_ACCOPENDATE], [USER_ACCOPENTIME]) VALUES (2, N'user1', N'user1', NULL, NULL, NULL, NULL, NULL, NULL)
GO
INSERT [dbo].[UsersLogs] ([LOG_ID], [USER_ID], [LOGIN_DATE], [LOGIN_TIME], [LOGOUT_DATE], [LOGOUT_TIME], [MODULE_TYPE]) VALUES (1, 1, CAST(N'2021-03-19' AS Date), CAST(N'13:32:56.6466667' AS Time), CAST(N'2021-03-19' AS Date), CAST(N'14:52:01.4600000' AS Time), N'A')
GO
INSERT [dbo].[UsersLogs] ([LOG_ID], [USER_ID], [LOGIN_DATE], [LOGIN_TIME], [LOGOUT_DATE], [LOGOUT_TIME], [MODULE_TYPE]) VALUES (2, 1, CAST(N'2021-03-19' AS Date), CAST(N'15:04:46.6066667' AS Time), CAST(N'2021-03-19' AS Date), CAST(N'15:04:57.5900000' AS Time), N'A')
GO
INSERT [dbo].[UsersLogs] ([LOG_ID], [USER_ID], [LOGIN_DATE], [LOGIN_TIME], [LOGOUT_DATE], [LOGOUT_TIME], [MODULE_TYPE]) VALUES (3, 1, CAST(N'2021-03-19' AS Date), CAST(N'15:06:46.7466667' AS Time), CAST(N'2021-03-19' AS Date), CAST(N'15:06:57.5400000' AS Time), N'A')
GO
INSERT [dbo].[UsersLogs] ([LOG_ID], [USER_ID], [LOGIN_DATE], [LOGIN_TIME], [LOGOUT_DATE], [LOGOUT_TIME], [MODULE_TYPE]) VALUES (4, 1, CAST(N'2021-03-19' AS Date), CAST(N'15:07:33.3133333' AS Time), CAST(N'2021-03-19' AS Date), CAST(N'15:07:38.9433333' AS Time), N'A')
GO
INSERT [dbo].[UsersLogs] ([LOG_ID], [USER_ID], [LOGIN_DATE], [LOGIN_TIME], [LOGOUT_DATE], [LOGOUT_TIME], [MODULE_TYPE]) VALUES (5, 1, CAST(N'2021-03-19' AS Date), CAST(N'15:08:20.1633333' AS Time), CAST(N'2021-03-19' AS Date), CAST(N'15:08:27.6233333' AS Time), N'A')
GO
INSERT [dbo].[UsersLogs] ([LOG_ID], [USER_ID], [LOGIN_DATE], [LOGIN_TIME], [LOGOUT_DATE], [LOGOUT_TIME], [MODULE_TYPE]) VALUES (6, 1, CAST(N'2021-03-19' AS Date), CAST(N'15:12:45.3700000' AS Time), NULL, NULL, N'A')
GO
INSERT [dbo].[UsersLogs] ([LOG_ID], [USER_ID], [LOGIN_DATE], [LOGIN_TIME], [LOGOUT_DATE], [LOGOUT_TIME], [MODULE_TYPE]) VALUES (7, 1, CAST(N'2021-03-19' AS Date), CAST(N'15:15:44.1566667' AS Time), NULL, NULL, N'A')
GO
INSERT [dbo].[UsersLogs] ([LOG_ID], [USER_ID], [LOGIN_DATE], [LOGIN_TIME], [LOGOUT_DATE], [LOGOUT_TIME], [MODULE_TYPE]) VALUES (8, 1, CAST(N'2021-03-19' AS Date), CAST(N'15:18:34.6633333' AS Time), NULL, NULL, N'A')
GO
INSERT [dbo].[UsersLogs] ([LOG_ID], [USER_ID], [LOGIN_DATE], [LOGIN_TIME], [LOGOUT_DATE], [LOGOUT_TIME], [MODULE_TYPE]) VALUES (9, 1, CAST(N'2021-03-19' AS Date), CAST(N'15:19:39.8833333' AS Time), NULL, NULL, N'A')
GO
INSERT [dbo].[UsersLogs] ([LOG_ID], [USER_ID], [LOGIN_DATE], [LOGIN_TIME], [LOGOUT_DATE], [LOGOUT_TIME], [MODULE_TYPE]) VALUES (10, 1, CAST(N'2021-03-19' AS Date), CAST(N'15:20:36.7500000' AS Time), NULL, NULL, N'A')
GO
INSERT [dbo].[UsersLogs] ([LOG_ID], [USER_ID], [LOGIN_DATE], [LOGIN_TIME], [LOGOUT_DATE], [LOGOUT_TIME], [MODULE_TYPE]) VALUES (11, 1, CAST(N'2021-03-19' AS Date), CAST(N'15:21:32.7933333' AS Time), NULL, NULL, N'A')
GO
INSERT [dbo].[UsersLogs] ([LOG_ID], [USER_ID], [LOGIN_DATE], [LOGIN_TIME], [LOGOUT_DATE], [LOGOUT_TIME], [MODULE_TYPE]) VALUES (12, 1, CAST(N'2021-03-19' AS Date), CAST(N'15:22:06.8433333' AS Time), NULL, NULL, N'A')
GO
INSERT [dbo].[UsersLogs] ([LOG_ID], [USER_ID], [LOGIN_DATE], [LOGIN_TIME], [LOGOUT_DATE], [LOGOUT_TIME], [MODULE_TYPE]) VALUES (13, 1, CAST(N'2021-03-19' AS Date), CAST(N'15:58:41.3533333' AS Time), NULL, NULL, N'A')
GO
INSERT [dbo].[UsersLogs] ([LOG_ID], [USER_ID], [LOGIN_DATE], [LOGIN_TIME], [LOGOUT_DATE], [LOGOUT_TIME], [MODULE_TYPE]) VALUES (14, 1, CAST(N'2021-03-19' AS Date), CAST(N'16:06:13.5133333' AS Time), CAST(N'2021-03-19' AS Date), CAST(N'16:06:21.9700000' AS Time), N'A')
GO
INSERT [dbo].[UsersLogs] ([LOG_ID], [USER_ID], [LOGIN_DATE], [LOGIN_TIME], [LOGOUT_DATE], [LOGOUT_TIME], [MODULE_TYPE]) VALUES (15, 1, CAST(N'2021-03-19' AS Date), CAST(N'16:07:21.9300000' AS Time), CAST(N'2021-03-19' AS Date), CAST(N'16:07:29.7200000' AS Time), N'A')
GO
INSERT [dbo].[UsersLogs] ([LOG_ID], [USER_ID], [LOGIN_DATE], [LOGIN_TIME], [LOGOUT_DATE], [LOGOUT_TIME], [MODULE_TYPE]) VALUES (16, 1, CAST(N'2021-03-19' AS Date), CAST(N'16:19:42.2000000' AS Time), NULL, NULL, N'A')
GO
INSERT [dbo].[UsersLogs] ([LOG_ID], [USER_ID], [LOGIN_DATE], [LOGIN_TIME], [LOGOUT_DATE], [LOGOUT_TIME], [MODULE_TYPE]) VALUES (17, 1, CAST(N'2021-03-19' AS Date), CAST(N'16:20:56.4200000' AS Time), CAST(N'2021-03-19' AS Date), CAST(N'16:21:04.9000000' AS Time), N'A')
GO
INSERT [dbo].[UsersLogs] ([LOG_ID], [USER_ID], [LOGIN_DATE], [LOGIN_TIME], [LOGOUT_DATE], [LOGOUT_TIME], [MODULE_TYPE]) VALUES (18, 1, CAST(N'2021-03-19' AS Date), CAST(N'16:23:38.4133333' AS Time), NULL, NULL, N'A')
GO
INSERT [dbo].[UsersLogs] ([LOG_ID], [USER_ID], [LOGIN_DATE], [LOGIN_TIME], [LOGOUT_DATE], [LOGOUT_TIME], [MODULE_TYPE]) VALUES (19, 1, CAST(N'2021-03-19' AS Date), CAST(N'16:26:19.2333333' AS Time), NULL, NULL, N'A')
GO
INSERT [dbo].[UsersLogs] ([LOG_ID], [USER_ID], [LOGIN_DATE], [LOGIN_TIME], [LOGOUT_DATE], [LOGOUT_TIME], [MODULE_TYPE]) VALUES (20, 1, CAST(N'2021-03-19' AS Date), CAST(N'16:35:25.4166667' AS Time), NULL, NULL, N'A')
GO
INSERT [dbo].[UsersLogs] ([LOG_ID], [USER_ID], [LOGIN_DATE], [LOGIN_TIME], [LOGOUT_DATE], [LOGOUT_TIME], [MODULE_TYPE]) VALUES (21, 1, CAST(N'2021-03-19' AS Date), CAST(N'16:39:24.7000000' AS Time), NULL, NULL, N'A')
GO
INSERT [dbo].[UsersLogs] ([LOG_ID], [USER_ID], [LOGIN_DATE], [LOGIN_TIME], [LOGOUT_DATE], [LOGOUT_TIME], [MODULE_TYPE]) VALUES (22, 1, CAST(N'2021-03-19' AS Date), CAST(N'16:46:19.2833333' AS Time), NULL, NULL, N'A')
GO
INSERT [dbo].[UsersLogs] ([LOG_ID], [USER_ID], [LOGIN_DATE], [LOGIN_TIME], [LOGOUT_DATE], [LOGOUT_TIME], [MODULE_TYPE]) VALUES (23, 1, CAST(N'2021-03-19' AS Date), CAST(N'16:47:11.5800000' AS Time), NULL, NULL, N'A')
GO
INSERT [dbo].[UsersLogs] ([LOG_ID], [USER_ID], [LOGIN_DATE], [LOGIN_TIME], [LOGOUT_DATE], [LOGOUT_TIME], [MODULE_TYPE]) VALUES (24, 1, CAST(N'2021-03-19' AS Date), CAST(N'16:48:41.3333333' AS Time), NULL, NULL, N'A')
GO
INSERT [dbo].[UsersLogs] ([LOG_ID], [USER_ID], [LOGIN_DATE], [LOGIN_TIME], [LOGOUT_DATE], [LOGOUT_TIME], [MODULE_TYPE]) VALUES (25, 1, CAST(N'2021-03-19' AS Date), CAST(N'16:49:14.2400000' AS Time), NULL, NULL, N'A')
GO
INSERT [dbo].[UsersLogs] ([LOG_ID], [USER_ID], [LOGIN_DATE], [LOGIN_TIME], [LOGOUT_DATE], [LOGOUT_TIME], [MODULE_TYPE]) VALUES (26, 1, CAST(N'2021-03-19' AS Date), CAST(N'16:57:02.6033333' AS Time), NULL, NULL, N'A')
GO
INSERT [dbo].[UsersLogs] ([LOG_ID], [USER_ID], [LOGIN_DATE], [LOGIN_TIME], [LOGOUT_DATE], [LOGOUT_TIME], [MODULE_TYPE]) VALUES (27, 1, CAST(N'2021-03-19' AS Date), CAST(N'17:17:30.1000000' AS Time), NULL, NULL, N'A')
GO
INSERT [dbo].[UsersLogs] ([LOG_ID], [USER_ID], [LOGIN_DATE], [LOGIN_TIME], [LOGOUT_DATE], [LOGOUT_TIME], [MODULE_TYPE]) VALUES (28, 1, CAST(N'2021-03-19' AS Date), CAST(N'17:26:05.5766667' AS Time), NULL, NULL, N'A')
GO
INSERT [dbo].[UsersLogs] ([LOG_ID], [USER_ID], [LOGIN_DATE], [LOGIN_TIME], [LOGOUT_DATE], [LOGOUT_TIME], [MODULE_TYPE]) VALUES (29, 1, CAST(N'2021-03-19' AS Date), CAST(N'17:29:01.2633333' AS Time), NULL, NULL, N'A')
GO
INSERT [dbo].[UsersLogs] ([LOG_ID], [USER_ID], [LOGIN_DATE], [LOGIN_TIME], [LOGOUT_DATE], [LOGOUT_TIME], [MODULE_TYPE]) VALUES (30, 1, CAST(N'2021-03-19' AS Date), CAST(N'17:35:21.8266667' AS Time), NULL, NULL, N'A')
GO
INSERT [dbo].[UsersLogs] ([LOG_ID], [USER_ID], [LOGIN_DATE], [LOGIN_TIME], [LOGOUT_DATE], [LOGOUT_TIME], [MODULE_TYPE]) VALUES (31, 1, CAST(N'2021-03-19' AS Date), CAST(N'17:36:39.2266667' AS Time), NULL, NULL, N'A')
GO
INSERT [dbo].[UsersLogs] ([LOG_ID], [USER_ID], [LOGIN_DATE], [LOGIN_TIME], [LOGOUT_DATE], [LOGOUT_TIME], [MODULE_TYPE]) VALUES (32, 1, CAST(N'2021-03-19' AS Date), CAST(N'17:38:55.2333333' AS Time), NULL, NULL, N'A')
GO
INSERT [dbo].[UsersLogs] ([LOG_ID], [USER_ID], [LOGIN_DATE], [LOGIN_TIME], [LOGOUT_DATE], [LOGOUT_TIME], [MODULE_TYPE]) VALUES (33, 1, CAST(N'2021-03-19' AS Date), CAST(N'17:40:22.7966667' AS Time), CAST(N'2021-03-19' AS Date), CAST(N'17:40:51.0600000' AS Time), N'A')
GO
INSERT [dbo].[UsersLogs] ([LOG_ID], [USER_ID], [LOGIN_DATE], [LOGIN_TIME], [LOGOUT_DATE], [LOGOUT_TIME], [MODULE_TYPE]) VALUES (34, 1, CAST(N'2021-03-19' AS Date), CAST(N'17:40:58.9000000' AS Time), NULL, NULL, N'A')
GO
INSERT [dbo].[UsersLogs] ([LOG_ID], [USER_ID], [LOGIN_DATE], [LOGIN_TIME], [LOGOUT_DATE], [LOGOUT_TIME], [MODULE_TYPE]) VALUES (35, 1, CAST(N'2021-03-19' AS Date), CAST(N'19:03:11.3433333' AS Time), CAST(N'2021-03-19' AS Date), CAST(N'19:03:22.1466667' AS Time), N'A')
GO
INSERT [dbo].[UsersLogs] ([LOG_ID], [USER_ID], [LOGIN_DATE], [LOGIN_TIME], [LOGOUT_DATE], [LOGOUT_TIME], [MODULE_TYPE]) VALUES (36, 2, CAST(N'2021-03-19' AS Date), CAST(N'19:03:33.1933333' AS Time), CAST(N'2021-03-19' AS Date), CAST(N'19:03:41.1100000' AS Time), N'A')
GO
INSERT [dbo].[UsersLogs] ([LOG_ID], [USER_ID], [LOGIN_DATE], [LOGIN_TIME], [LOGOUT_DATE], [LOGOUT_TIME], [MODULE_TYPE]) VALUES (37, 1, CAST(N'2021-03-19' AS Date), CAST(N'19:06:35.6966667' AS Time), CAST(N'2021-03-19' AS Date), CAST(N'19:07:17.3800000' AS Time), N'A')
GO
INSERT [dbo].[UsersLogs] ([LOG_ID], [USER_ID], [LOGIN_DATE], [LOGIN_TIME], [LOGOUT_DATE], [LOGOUT_TIME], [MODULE_TYPE]) VALUES (38, 2, CAST(N'2021-03-19' AS Date), CAST(N'19:07:25.0800000' AS Time), CAST(N'2021-03-19' AS Date), CAST(N'19:07:48.2700000' AS Time), N'A')
GO
INSERT [dbo].[UsersLogs] ([LOG_ID], [USER_ID], [LOGIN_DATE], [LOGIN_TIME], [LOGOUT_DATE], [LOGOUT_TIME], [MODULE_TYPE]) VALUES (39, 1, CAST(N'2021-03-19' AS Date), CAST(N'20:24:14.8100000' AS Time), NULL, NULL, N'A')
GO
INSERT [dbo].[UsersLogs] ([LOG_ID], [USER_ID], [LOGIN_DATE], [LOGIN_TIME], [LOGOUT_DATE], [LOGOUT_TIME], [MODULE_TYPE]) VALUES (40, 1, CAST(N'2021-03-19' AS Date), CAST(N'21:48:51.6766667' AS Time), NULL, NULL, N'A')
GO
INSERT [dbo].[UsersLogs] ([LOG_ID], [USER_ID], [LOGIN_DATE], [LOGIN_TIME], [LOGOUT_DATE], [LOGOUT_TIME], [MODULE_TYPE]) VALUES (41, 1, CAST(N'2021-03-19' AS Date), CAST(N'21:51:35.8233333' AS Time), NULL, NULL, N'A')
GO
INSERT [dbo].[UsersLogs] ([LOG_ID], [USER_ID], [LOGIN_DATE], [LOGIN_TIME], [LOGOUT_DATE], [LOGOUT_TIME], [MODULE_TYPE]) VALUES (42, 1, CAST(N'2021-03-19' AS Date), CAST(N'21:53:00.7000000' AS Time), NULL, NULL, N'A')
GO
INSERT [dbo].[UsersLogs] ([LOG_ID], [USER_ID], [LOGIN_DATE], [LOGIN_TIME], [LOGOUT_DATE], [LOGOUT_TIME], [MODULE_TYPE]) VALUES (43, 1, CAST(N'2021-03-19' AS Date), CAST(N'21:57:10.6266667' AS Time), NULL, NULL, N'A')
GO
INSERT [dbo].[UsersLogs] ([LOG_ID], [USER_ID], [LOGIN_DATE], [LOGIN_TIME], [LOGOUT_DATE], [LOGOUT_TIME], [MODULE_TYPE]) VALUES (44, 1, CAST(N'2021-03-19' AS Date), CAST(N'21:57:54.1633333' AS Time), CAST(N'2021-03-19' AS Date), CAST(N'21:58:05.7733333' AS Time), N'A')
GO
INSERT [dbo].[UsersLogs] ([LOG_ID], [USER_ID], [LOGIN_DATE], [LOGIN_TIME], [LOGOUT_DATE], [LOGOUT_TIME], [MODULE_TYPE]) VALUES (45, 1, CAST(N'2021-03-19' AS Date), CAST(N'21:58:13.7566667' AS Time), NULL, NULL, N'A')
GO
INSERT [dbo].[UsersLogs] ([LOG_ID], [USER_ID], [LOGIN_DATE], [LOGIN_TIME], [LOGOUT_DATE], [LOGOUT_TIME], [MODULE_TYPE]) VALUES (46, 1, CAST(N'2021-03-19' AS Date), CAST(N'22:03:55.5533333' AS Time), NULL, NULL, N'A')
GO
INSERT [dbo].[UsersLogs] ([LOG_ID], [USER_ID], [LOGIN_DATE], [LOGIN_TIME], [LOGOUT_DATE], [LOGOUT_TIME], [MODULE_TYPE]) VALUES (47, 1, CAST(N'2021-03-19' AS Date), CAST(N'22:14:41.7133333' AS Time), NULL, NULL, N'A')
GO
INSERT [dbo].[UsersLogs] ([LOG_ID], [USER_ID], [LOGIN_DATE], [LOGIN_TIME], [LOGOUT_DATE], [LOGOUT_TIME], [MODULE_TYPE]) VALUES (48, 1, CAST(N'2021-03-19' AS Date), CAST(N'22:16:30.0333333' AS Time), NULL, NULL, N'A')
GO
INSERT [dbo].[UsersLogs] ([LOG_ID], [USER_ID], [LOGIN_DATE], [LOGIN_TIME], [LOGOUT_DATE], [LOGOUT_TIME], [MODULE_TYPE]) VALUES (49, 1, CAST(N'2021-03-19' AS Date), CAST(N'22:18:35' AS Time), NULL, NULL, N'A')
GO
INSERT [dbo].[UsersLogs] ([LOG_ID], [USER_ID], [LOGIN_DATE], [LOGIN_TIME], [LOGOUT_DATE], [LOGOUT_TIME], [MODULE_TYPE]) VALUES (50, 1, CAST(N'2021-03-19' AS Date), CAST(N'23:38:14.3333333' AS Time), NULL, NULL, N'S')
GO
INSERT [dbo].[UsersLogs] ([LOG_ID], [USER_ID], [LOGIN_DATE], [LOGIN_TIME], [LOGOUT_DATE], [LOGOUT_TIME], [MODULE_TYPE]) VALUES (51, 1, CAST(N'2021-03-19' AS Date), CAST(N'23:38:38.8233333' AS Time), NULL, NULL, N'S')
GO
INSERT [dbo].[UsersLogs] ([LOG_ID], [USER_ID], [LOGIN_DATE], [LOGIN_TIME], [LOGOUT_DATE], [LOGOUT_TIME], [MODULE_TYPE]) VALUES (52, 1, CAST(N'2021-03-24' AS Date), CAST(N'12:21:19.6833333' AS Time), NULL, NULL, N'S')
GO
INSERT [dbo].[UsersLogs] ([LOG_ID], [USER_ID], [LOGIN_DATE], [LOGIN_TIME], [LOGOUT_DATE], [LOGOUT_TIME], [MODULE_TYPE]) VALUES (53, 1, CAST(N'2021-03-25' AS Date), CAST(N'14:24:58.8533333' AS Time), CAST(N'2021-03-25' AS Date), CAST(N'14:25:06.8200000' AS Time), N'A')
GO
INSERT [dbo].[UsersLogs] ([LOG_ID], [USER_ID], [LOGIN_DATE], [LOGIN_TIME], [LOGOUT_DATE], [LOGOUT_TIME], [MODULE_TYPE]) VALUES (54, 1, CAST(N'2021-03-30' AS Date), CAST(N'16:10:00.7800000' AS Time), NULL, NULL, N'A')
GO
INSERT [dbo].[UsersLogs] ([LOG_ID], [USER_ID], [LOGIN_DATE], [LOGIN_TIME], [LOGOUT_DATE], [LOGOUT_TIME], [MODULE_TYPE]) VALUES (55, 1, CAST(N'2021-03-30' AS Date), CAST(N'17:13:06.5900000' AS Time), NULL, NULL, N'A')
GO
INSERT [dbo].[UsersLogs] ([LOG_ID], [USER_ID], [LOGIN_DATE], [LOGIN_TIME], [LOGOUT_DATE], [LOGOUT_TIME], [MODULE_TYPE]) VALUES (56, 1, CAST(N'2021-03-30' AS Date), CAST(N'17:15:36.5500000' AS Time), NULL, NULL, N'A')
GO
INSERT [dbo].[UsersLogs] ([LOG_ID], [USER_ID], [LOGIN_DATE], [LOGIN_TIME], [LOGOUT_DATE], [LOGOUT_TIME], [MODULE_TYPE]) VALUES (57, 1, CAST(N'2021-03-31' AS Date), CAST(N'13:27:09.5966667' AS Time), NULL, NULL, N'A')
GO
INSERT [dbo].[UsersLogs] ([LOG_ID], [USER_ID], [LOGIN_DATE], [LOGIN_TIME], [LOGOUT_DATE], [LOGOUT_TIME], [MODULE_TYPE]) VALUES (58, 1, CAST(N'2021-03-31' AS Date), CAST(N'13:30:30.5700000' AS Time), NULL, NULL, N'A')
GO
INSERT [dbo].[UsersLogs] ([LOG_ID], [USER_ID], [LOGIN_DATE], [LOGIN_TIME], [LOGOUT_DATE], [LOGOUT_TIME], [MODULE_TYPE]) VALUES (59, 1, CAST(N'2021-03-31' AS Date), CAST(N'13:33:23.3600000' AS Time), NULL, NULL, N'A')
GO
INSERT [dbo].[UsersLogs] ([LOG_ID], [USER_ID], [LOGIN_DATE], [LOGIN_TIME], [LOGOUT_DATE], [LOGOUT_TIME], [MODULE_TYPE]) VALUES (60, 1, CAST(N'2021-03-31' AS Date), CAST(N'13:36:59.1166667' AS Time), NULL, NULL, N'A')
GO
INSERT [dbo].[UsersLogs] ([LOG_ID], [USER_ID], [LOGIN_DATE], [LOGIN_TIME], [LOGOUT_DATE], [LOGOUT_TIME], [MODULE_TYPE]) VALUES (61, 1, CAST(N'2021-03-31' AS Date), CAST(N'13:39:27.1000000' AS Time), NULL, NULL, N'A')
GO
INSERT [dbo].[UsersLogs] ([LOG_ID], [USER_ID], [LOGIN_DATE], [LOGIN_TIME], [LOGOUT_DATE], [LOGOUT_TIME], [MODULE_TYPE]) VALUES (62, 1, CAST(N'2021-03-31' AS Date), CAST(N'13:39:54.2066667' AS Time), NULL, NULL, N'A')
GO
INSERT [dbo].[UsersLogs] ([LOG_ID], [USER_ID], [LOGIN_DATE], [LOGIN_TIME], [LOGOUT_DATE], [LOGOUT_TIME], [MODULE_TYPE]) VALUES (63, 1, CAST(N'2021-03-31' AS Date), CAST(N'13:42:59.8733333' AS Time), NULL, NULL, N'A')
GO
INSERT [dbo].[UsersLogs] ([LOG_ID], [USER_ID], [LOGIN_DATE], [LOGIN_TIME], [LOGOUT_DATE], [LOGOUT_TIME], [MODULE_TYPE]) VALUES (64, 1, CAST(N'2021-03-31' AS Date), CAST(N'13:44:43.5100000' AS Time), NULL, NULL, N'A')
GO
INSERT [dbo].[UsersLogs] ([LOG_ID], [USER_ID], [LOGIN_DATE], [LOGIN_TIME], [LOGOUT_DATE], [LOGOUT_TIME], [MODULE_TYPE]) VALUES (65, 1, CAST(N'2021-03-31' AS Date), CAST(N'13:46:49.4533333' AS Time), NULL, NULL, N'A')
GO
INSERT [dbo].[UsersLogs] ([LOG_ID], [USER_ID], [LOGIN_DATE], [LOGIN_TIME], [LOGOUT_DATE], [LOGOUT_TIME], [MODULE_TYPE]) VALUES (66, 1, CAST(N'2021-04-01' AS Date), CAST(N'14:53:09.4200000' AS Time), NULL, NULL, N'A')
GO
INSERT [dbo].[UsersLogs] ([LOG_ID], [USER_ID], [LOGIN_DATE], [LOGIN_TIME], [LOGOUT_DATE], [LOGOUT_TIME], [MODULE_TYPE]) VALUES (67, 1, CAST(N'2021-04-01' AS Date), CAST(N'16:41:03.6900000' AS Time), NULL, NULL, N'A')
GO
INSERT [dbo].[UsersLogs] ([LOG_ID], [USER_ID], [LOGIN_DATE], [LOGIN_TIME], [LOGOUT_DATE], [LOGOUT_TIME], [MODULE_TYPE]) VALUES (68, 1, CAST(N'2021-04-04' AS Date), CAST(N'16:57:01.4400000' AS Time), CAST(N'2021-04-04' AS Date), CAST(N'16:59:34.9433333' AS Time), N'A')
GO
INSERT [dbo].[UsersLogs] ([LOG_ID], [USER_ID], [LOGIN_DATE], [LOGIN_TIME], [LOGOUT_DATE], [LOGOUT_TIME], [MODULE_TYPE]) VALUES (69, 1, CAST(N'2021-04-04' AS Date), CAST(N'19:09:07.7000000' AS Time), NULL, NULL, N'A')
GO
INSERT [dbo].[UsersLogs] ([LOG_ID], [USER_ID], [LOGIN_DATE], [LOGIN_TIME], [LOGOUT_DATE], [LOGOUT_TIME], [MODULE_TYPE]) VALUES (70, 1, CAST(N'2021-04-04' AS Date), CAST(N'19:10:08.9033333' AS Time), NULL, NULL, N'A')
GO
INSERT [dbo].[UsersLogs] ([LOG_ID], [USER_ID], [LOGIN_DATE], [LOGIN_TIME], [LOGOUT_DATE], [LOGOUT_TIME], [MODULE_TYPE]) VALUES (71, 1, CAST(N'2021-05-02' AS Date), CAST(N'01:56:02.0500000' AS Time), NULL, NULL, N'A')
GO
INSERT [dbo].[UsersLogs] ([LOG_ID], [USER_ID], [LOGIN_DATE], [LOGIN_TIME], [LOGOUT_DATE], [LOGOUT_TIME], [MODULE_TYPE]) VALUES (72, 1, CAST(N'2021-05-04' AS Date), CAST(N'13:07:02.2100000' AS Time), NULL, NULL, N'A')
GO
INSERT [dbo].[UsersLogs] ([LOG_ID], [USER_ID], [LOGIN_DATE], [LOGIN_TIME], [LOGOUT_DATE], [LOGOUT_TIME], [MODULE_TYPE]) VALUES (73, 1, CAST(N'2021-05-04' AS Date), CAST(N'13:17:17.5033333' AS Time), NULL, NULL, N'A')
GO
INSERT [dbo].[UsersLogs] ([LOG_ID], [USER_ID], [LOGIN_DATE], [LOGIN_TIME], [LOGOUT_DATE], [LOGOUT_TIME], [MODULE_TYPE]) VALUES (74, 1, CAST(N'2021-05-04' AS Date), CAST(N'14:10:51.4333333' AS Time), NULL, NULL, N'A')
GO
INSERT [dbo].[UsersLogs] ([LOG_ID], [USER_ID], [LOGIN_DATE], [LOGIN_TIME], [LOGOUT_DATE], [LOGOUT_TIME], [MODULE_TYPE]) VALUES (75, 1, CAST(N'2021-05-04' AS Date), CAST(N'14:13:04.2133333' AS Time), NULL, NULL, N'A')
GO
INSERT [dbo].[UsersLogs] ([LOG_ID], [USER_ID], [LOGIN_DATE], [LOGIN_TIME], [LOGOUT_DATE], [LOGOUT_TIME], [MODULE_TYPE]) VALUES (76, 1, CAST(N'2021-05-04' AS Date), CAST(N'14:15:10.0800000' AS Time), NULL, NULL, N'A')
GO
INSERT [dbo].[UsersLogs] ([LOG_ID], [USER_ID], [LOGIN_DATE], [LOGIN_TIME], [LOGOUT_DATE], [LOGOUT_TIME], [MODULE_TYPE]) VALUES (77, 1, CAST(N'2021-05-07' AS Date), CAST(N'09:07:43.2066667' AS Time), NULL, NULL, N'A')
GO
INSERT [dbo].[UsersLogs] ([LOG_ID], [USER_ID], [LOGIN_DATE], [LOGIN_TIME], [LOGOUT_DATE], [LOGOUT_TIME], [MODULE_TYPE]) VALUES (78, 1, CAST(N'2021-05-07' AS Date), CAST(N'09:08:35.7900000' AS Time), NULL, NULL, N'A')
GO
INSERT [dbo].[UsersLogs] ([LOG_ID], [USER_ID], [LOGIN_DATE], [LOGIN_TIME], [LOGOUT_DATE], [LOGOUT_TIME], [MODULE_TYPE]) VALUES (79, 1, CAST(N'2021-05-07' AS Date), CAST(N'09:14:59.5200000' AS Time), CAST(N'2021-05-07' AS Date), CAST(N'09:17:26.3366667' AS Time), N'A')
GO
INSERT [dbo].[UsersLogs] ([LOG_ID], [USER_ID], [LOGIN_DATE], [LOGIN_TIME], [LOGOUT_DATE], [LOGOUT_TIME], [MODULE_TYPE]) VALUES (80, 1, CAST(N'2021-05-07' AS Date), CAST(N'10:16:42.4300000' AS Time), NULL, NULL, N'A')
GO
INSERT [dbo].[UsersLogs] ([LOG_ID], [USER_ID], [LOGIN_DATE], [LOGIN_TIME], [LOGOUT_DATE], [LOGOUT_TIME], [MODULE_TYPE]) VALUES (81, 1, CAST(N'2021-05-07' AS Date), CAST(N'10:26:12.0400000' AS Time), NULL, NULL, N'A')
GO
INSERT [dbo].[UsersLogs] ([LOG_ID], [USER_ID], [LOGIN_DATE], [LOGIN_TIME], [LOGOUT_DATE], [LOGOUT_TIME], [MODULE_TYPE]) VALUES (82, 1, CAST(N'2021-05-07' AS Date), CAST(N'11:12:01.0466667' AS Time), NULL, NULL, N'A')
GO
INSERT [dbo].[UsersLogs] ([LOG_ID], [USER_ID], [LOGIN_DATE], [LOGIN_TIME], [LOGOUT_DATE], [LOGOUT_TIME], [MODULE_TYPE]) VALUES (83, 1, CAST(N'2021-05-07' AS Date), CAST(N'11:14:28.2200000' AS Time), NULL, NULL, N'A')
GO
INSERT [dbo].[UsersLogs] ([LOG_ID], [USER_ID], [LOGIN_DATE], [LOGIN_TIME], [LOGOUT_DATE], [LOGOUT_TIME], [MODULE_TYPE]) VALUES (84, 1, CAST(N'2021-05-07' AS Date), CAST(N'11:16:45.0400000' AS Time), NULL, NULL, N'A')
GO
INSERT [dbo].[UsersLogs] ([LOG_ID], [USER_ID], [LOGIN_DATE], [LOGIN_TIME], [LOGOUT_DATE], [LOGOUT_TIME], [MODULE_TYPE]) VALUES (85, 1, CAST(N'2021-05-07' AS Date), CAST(N'11:20:10.1000000' AS Time), NULL, NULL, N'A')
GO
INSERT [dbo].[UsersLogs] ([LOG_ID], [USER_ID], [LOGIN_DATE], [LOGIN_TIME], [LOGOUT_DATE], [LOGOUT_TIME], [MODULE_TYPE]) VALUES (86, 1, CAST(N'2021-05-07' AS Date), CAST(N'11:29:56.9866667' AS Time), NULL, NULL, N'A')
GO
INSERT [dbo].[UsersLogs] ([LOG_ID], [USER_ID], [LOGIN_DATE], [LOGIN_TIME], [LOGOUT_DATE], [LOGOUT_TIME], [MODULE_TYPE]) VALUES (87, 1, CAST(N'2021-05-08' AS Date), CAST(N'09:13:55.0400000' AS Time), NULL, NULL, N'A')
GO
INSERT [dbo].[UsersLogs] ([LOG_ID], [USER_ID], [LOGIN_DATE], [LOGIN_TIME], [LOGOUT_DATE], [LOGOUT_TIME], [MODULE_TYPE]) VALUES (88, 1, CAST(N'2021-05-15' AS Date), CAST(N'12:06:33.5333333' AS Time), NULL, NULL, N'A')
GO
INSERT [dbo].[UsersLogs] ([LOG_ID], [USER_ID], [LOGIN_DATE], [LOGIN_TIME], [LOGOUT_DATE], [LOGOUT_TIME], [MODULE_TYPE]) VALUES (89, 1, CAST(N'2021-05-15' AS Date), CAST(N'12:08:49.0600000' AS Time), NULL, NULL, N'A')
GO
INSERT [dbo].[UsersLogs] ([LOG_ID], [USER_ID], [LOGIN_DATE], [LOGIN_TIME], [LOGOUT_DATE], [LOGOUT_TIME], [MODULE_TYPE]) VALUES (90, 1, CAST(N'2021-05-15' AS Date), CAST(N'12:11:53.6266667' AS Time), NULL, NULL, N'A')
GO
INSERT [dbo].[UsersLogs] ([LOG_ID], [USER_ID], [LOGIN_DATE], [LOGIN_TIME], [LOGOUT_DATE], [LOGOUT_TIME], [MODULE_TYPE]) VALUES (91, 1, CAST(N'2021-05-15' AS Date), CAST(N'12:21:22.0300000' AS Time), NULL, NULL, N'A')
GO
INSERT [dbo].[UsersLogs] ([LOG_ID], [USER_ID], [LOGIN_DATE], [LOGIN_TIME], [LOGOUT_DATE], [LOGOUT_TIME], [MODULE_TYPE]) VALUES (92, 1, CAST(N'2021-05-15' AS Date), CAST(N'12:23:21.9166667' AS Time), NULL, NULL, N'A')
GO
INSERT [dbo].[UsersLogs] ([LOG_ID], [USER_ID], [LOGIN_DATE], [LOGIN_TIME], [LOGOUT_DATE], [LOGOUT_TIME], [MODULE_TYPE]) VALUES (93, 1, CAST(N'2021-05-15' AS Date), CAST(N'12:24:18.1833333' AS Time), NULL, NULL, N'A')
GO
INSERT [dbo].[UsersLogs] ([LOG_ID], [USER_ID], [LOGIN_DATE], [LOGIN_TIME], [LOGOUT_DATE], [LOGOUT_TIME], [MODULE_TYPE]) VALUES (94, 1, CAST(N'2021-05-15' AS Date), CAST(N'12:25:49.6100000' AS Time), NULL, NULL, N'A')
GO
INSERT [dbo].[UsersLogs] ([LOG_ID], [USER_ID], [LOGIN_DATE], [LOGIN_TIME], [LOGOUT_DATE], [LOGOUT_TIME], [MODULE_TYPE]) VALUES (95, 1, CAST(N'2021-05-15' AS Date), CAST(N'12:35:18.8133333' AS Time), NULL, NULL, N'A')
GO
INSERT [dbo].[UsersLogs] ([LOG_ID], [USER_ID], [LOGIN_DATE], [LOGIN_TIME], [LOGOUT_DATE], [LOGOUT_TIME], [MODULE_TYPE]) VALUES (96, 1, CAST(N'2021-05-15' AS Date), CAST(N'12:39:24.2400000' AS Time), NULL, NULL, N'A')
GO
INSERT [dbo].[UsersLogs] ([LOG_ID], [USER_ID], [LOGIN_DATE], [LOGIN_TIME], [LOGOUT_DATE], [LOGOUT_TIME], [MODULE_TYPE]) VALUES (97, 1, CAST(N'2021-05-15' AS Date), CAST(N'12:41:39.5300000' AS Time), NULL, NULL, N'A')
GO
INSERT [dbo].[UsersLogs] ([LOG_ID], [USER_ID], [LOGIN_DATE], [LOGIN_TIME], [LOGOUT_DATE], [LOGOUT_TIME], [MODULE_TYPE]) VALUES (98, 1, CAST(N'2021-05-15' AS Date), CAST(N'12:50:15.4400000' AS Time), NULL, NULL, N'A')
GO
INSERT [dbo].[UsersLogs] ([LOG_ID], [USER_ID], [LOGIN_DATE], [LOGIN_TIME], [LOGOUT_DATE], [LOGOUT_TIME], [MODULE_TYPE]) VALUES (99, 1, CAST(N'2021-05-15' AS Date), CAST(N'12:53:09.2433333' AS Time), NULL, NULL, N'A')
GO
INSERT [dbo].[UsersLogs] ([LOG_ID], [USER_ID], [LOGIN_DATE], [LOGIN_TIME], [LOGOUT_DATE], [LOGOUT_TIME], [MODULE_TYPE]) VALUES (100, 1, CAST(N'2021-05-16' AS Date), CAST(N'10:18:24.9700000' AS Time), NULL, NULL, N'A')
GO
INSERT [dbo].[UsersLogs] ([LOG_ID], [USER_ID], [LOGIN_DATE], [LOGIN_TIME], [LOGOUT_DATE], [LOGOUT_TIME], [MODULE_TYPE]) VALUES (101, 1, CAST(N'2021-05-16' AS Date), CAST(N'10:27:16.0733333' AS Time), NULL, NULL, N'A')
GO
INSERT [dbo].[UsersLogs] ([LOG_ID], [USER_ID], [LOGIN_DATE], [LOGIN_TIME], [LOGOUT_DATE], [LOGOUT_TIME], [MODULE_TYPE]) VALUES (102, 1, CAST(N'2021-05-16' AS Date), CAST(N'10:38:53.2800000' AS Time), NULL, NULL, N'A')
GO
INSERT [dbo].[UsersLogs] ([LOG_ID], [USER_ID], [LOGIN_DATE], [LOGIN_TIME], [LOGOUT_DATE], [LOGOUT_TIME], [MODULE_TYPE]) VALUES (103, 1, CAST(N'2021-05-16' AS Date), CAST(N'16:49:17.6700000' AS Time), NULL, NULL, N'A')
GO
INSERT [dbo].[UsersLogs] ([LOG_ID], [USER_ID], [LOGIN_DATE], [LOGIN_TIME], [LOGOUT_DATE], [LOGOUT_TIME], [MODULE_TYPE]) VALUES (104, 1, CAST(N'2021-05-16' AS Date), CAST(N'16:51:18.2033333' AS Time), NULL, NULL, N'A')
GO
INSERT [dbo].[UsersLogs] ([LOG_ID], [USER_ID], [LOGIN_DATE], [LOGIN_TIME], [LOGOUT_DATE], [LOGOUT_TIME], [MODULE_TYPE]) VALUES (105, 1, CAST(N'2021-05-16' AS Date), CAST(N'16:53:35.4333333' AS Time), NULL, NULL, N'A')
GO
INSERT [dbo].[UsersLogs] ([LOG_ID], [USER_ID], [LOGIN_DATE], [LOGIN_TIME], [LOGOUT_DATE], [LOGOUT_TIME], [MODULE_TYPE]) VALUES (106, 1, CAST(N'2021-05-16' AS Date), CAST(N'16:55:17.5000000' AS Time), NULL, NULL, N'A')
GO
INSERT [dbo].[UsersLogs] ([LOG_ID], [USER_ID], [LOGIN_DATE], [LOGIN_TIME], [LOGOUT_DATE], [LOGOUT_TIME], [MODULE_TYPE]) VALUES (107, 1, CAST(N'2021-05-16' AS Date), CAST(N'17:49:00.0100000' AS Time), NULL, NULL, N'A')
GO
INSERT [dbo].[UsersLogs] ([LOG_ID], [USER_ID], [LOGIN_DATE], [LOGIN_TIME], [LOGOUT_DATE], [LOGOUT_TIME], [MODULE_TYPE]) VALUES (108, 1, CAST(N'2021-05-16' AS Date), CAST(N'17:50:52.3266667' AS Time), NULL, NULL, N'A')
GO
INSERT [dbo].[UsersLogs] ([LOG_ID], [USER_ID], [LOGIN_DATE], [LOGIN_TIME], [LOGOUT_DATE], [LOGOUT_TIME], [MODULE_TYPE]) VALUES (109, 1, CAST(N'2021-05-16' AS Date), CAST(N'17:52:06.4966667' AS Time), NULL, NULL, N'A')
GO
INSERT [dbo].[UsersLogs] ([LOG_ID], [USER_ID], [LOGIN_DATE], [LOGIN_TIME], [LOGOUT_DATE], [LOGOUT_TIME], [MODULE_TYPE]) VALUES (110, 1, CAST(N'2021-05-16' AS Date), CAST(N'18:02:35.9166667' AS Time), NULL, NULL, N'A')
GO
INSERT [dbo].[UsersLogs] ([LOG_ID], [USER_ID], [LOGIN_DATE], [LOGIN_TIME], [LOGOUT_DATE], [LOGOUT_TIME], [MODULE_TYPE]) VALUES (111, 1, CAST(N'2021-05-16' AS Date), CAST(N'18:03:19.3066667' AS Time), NULL, NULL, N'A')
GO
INSERT [dbo].[UsersLogs] ([LOG_ID], [USER_ID], [LOGIN_DATE], [LOGIN_TIME], [LOGOUT_DATE], [LOGOUT_TIME], [MODULE_TYPE]) VALUES (112, 1, CAST(N'2021-05-16' AS Date), CAST(N'18:04:03.7966667' AS Time), NULL, NULL, N'A')
GO
INSERT [dbo].[UsersLogs] ([LOG_ID], [USER_ID], [LOGIN_DATE], [LOGIN_TIME], [LOGOUT_DATE], [LOGOUT_TIME], [MODULE_TYPE]) VALUES (113, 1, CAST(N'2021-05-16' AS Date), CAST(N'18:06:22.6566667' AS Time), NULL, NULL, N'A')
GO
INSERT [dbo].[UsersLogs] ([LOG_ID], [USER_ID], [LOGIN_DATE], [LOGIN_TIME], [LOGOUT_DATE], [LOGOUT_TIME], [MODULE_TYPE]) VALUES (114, 1, CAST(N'2021-05-16' AS Date), CAST(N'18:08:40.4033333' AS Time), NULL, NULL, N'A')
GO
INSERT [dbo].[UsersLogs] ([LOG_ID], [USER_ID], [LOGIN_DATE], [LOGIN_TIME], [LOGOUT_DATE], [LOGOUT_TIME], [MODULE_TYPE]) VALUES (115, 1, CAST(N'2021-05-16' AS Date), CAST(N'18:10:44.8900000' AS Time), NULL, NULL, N'A')
GO
INSERT [dbo].[UsersLogs] ([LOG_ID], [USER_ID], [LOGIN_DATE], [LOGIN_TIME], [LOGOUT_DATE], [LOGOUT_TIME], [MODULE_TYPE]) VALUES (116, 1, CAST(N'2021-05-16' AS Date), CAST(N'18:12:08.1900000' AS Time), NULL, NULL, N'A')
GO
INSERT [dbo].[UsersLogs] ([LOG_ID], [USER_ID], [LOGIN_DATE], [LOGIN_TIME], [LOGOUT_DATE], [LOGOUT_TIME], [MODULE_TYPE]) VALUES (117, 1, CAST(N'2021-05-17' AS Date), CAST(N'05:44:13.0966667' AS Time), NULL, NULL, N'A')
GO
INSERT [dbo].[UsersLogs] ([LOG_ID], [USER_ID], [LOGIN_DATE], [LOGIN_TIME], [LOGOUT_DATE], [LOGOUT_TIME], [MODULE_TYPE]) VALUES (118, 1, CAST(N'2021-05-17' AS Date), CAST(N'05:56:25.0233333' AS Time), NULL, NULL, N'A')
GO
INSERT [dbo].[UsersLogs] ([LOG_ID], [USER_ID], [LOGIN_DATE], [LOGIN_TIME], [LOGOUT_DATE], [LOGOUT_TIME], [MODULE_TYPE]) VALUES (119, 1, CAST(N'2021-05-17' AS Date), CAST(N'06:00:31.5933333' AS Time), NULL, NULL, N'A')
GO
INSERT [dbo].[UsersLogs] ([LOG_ID], [USER_ID], [LOGIN_DATE], [LOGIN_TIME], [LOGOUT_DATE], [LOGOUT_TIME], [MODULE_TYPE]) VALUES (120, 1, CAST(N'2021-05-17' AS Date), CAST(N'06:20:20.5566667' AS Time), NULL, NULL, N'A')
GO
INSERT [dbo].[UsersLogs] ([LOG_ID], [USER_ID], [LOGIN_DATE], [LOGIN_TIME], [LOGOUT_DATE], [LOGOUT_TIME], [MODULE_TYPE]) VALUES (121, 1, CAST(N'2021-05-17' AS Date), CAST(N'06:25:26.7166667' AS Time), NULL, NULL, N'A')
GO
INSERT [dbo].[UsersLogs] ([LOG_ID], [USER_ID], [LOGIN_DATE], [LOGIN_TIME], [LOGOUT_DATE], [LOGOUT_TIME], [MODULE_TYPE]) VALUES (122, 1, CAST(N'2021-05-17' AS Date), CAST(N'06:53:49.9200000' AS Time), NULL, NULL, N'A')
GO
INSERT [dbo].[UsersLogs] ([LOG_ID], [USER_ID], [LOGIN_DATE], [LOGIN_TIME], [LOGOUT_DATE], [LOGOUT_TIME], [MODULE_TYPE]) VALUES (123, 1, CAST(N'2021-05-17' AS Date), CAST(N'06:57:07.1633333' AS Time), NULL, NULL, N'A')
GO
INSERT [dbo].[UsersLogs] ([LOG_ID], [USER_ID], [LOGIN_DATE], [LOGIN_TIME], [LOGOUT_DATE], [LOGOUT_TIME], [MODULE_TYPE]) VALUES (124, 1, CAST(N'2021-05-17' AS Date), CAST(N'12:29:10.5733333' AS Time), NULL, NULL, N'S')
GO
INSERT [dbo].[UsersLogs] ([LOG_ID], [USER_ID], [LOGIN_DATE], [LOGIN_TIME], [LOGOUT_DATE], [LOGOUT_TIME], [MODULE_TYPE]) VALUES (125, 1, CAST(N'2021-05-17' AS Date), CAST(N'12:45:06.0266667' AS Time), NULL, NULL, N'A')
GO
INSERT [dbo].[UsersLogs] ([LOG_ID], [USER_ID], [LOGIN_DATE], [LOGIN_TIME], [LOGOUT_DATE], [LOGOUT_TIME], [MODULE_TYPE]) VALUES (126, 1, CAST(N'2021-05-17' AS Date), CAST(N'12:52:52.4066667' AS Time), NULL, NULL, N'S')
GO
INSERT [dbo].[UsersLogs] ([LOG_ID], [USER_ID], [LOGIN_DATE], [LOGIN_TIME], [LOGOUT_DATE], [LOGOUT_TIME], [MODULE_TYPE]) VALUES (127, 1, CAST(N'2021-05-17' AS Date), CAST(N'12:59:09.6300000' AS Time), NULL, NULL, N'A')
GO
ALTER TABLE [dbo].[DBUserRights]  WITH CHECK ADD  CONSTRAINT [FK_DBUserRights_DBProperties] FOREIGN KEY([DB_ID])
REFERENCES [dbo].[DBProperties] ([DB_ID])
GO
ALTER TABLE [dbo].[DBUserRights] CHECK CONSTRAINT [FK_DBUserRights_DBProperties]
GO
ALTER TABLE [dbo].[DBUserRights]  WITH CHECK ADD  CONSTRAINT [FK_DBUserRights_DBUsers] FOREIGN KEY([USER_ID])
REFERENCES [dbo].[DBUsers] ([USER_ID])
GO
ALTER TABLE [dbo].[DBUserRights] CHECK CONSTRAINT [FK_DBUserRights_DBUsers]
GO
ALTER TABLE [dbo].[UsersLogActivities]  WITH CHECK ADD  CONSTRAINT [FK_UsersLogActivities_DBMenu] FOREIGN KEY([MENU_ID])
REFERENCES [dbo].[DBMenu] ([MENU_ID])
GO
ALTER TABLE [dbo].[UsersLogActivities] CHECK CONSTRAINT [FK_UsersLogActivities_DBMenu]
GO
ALTER TABLE [dbo].[UsersLogActivities]  WITH CHECK ADD  CONSTRAINT [FK_UsersLogActivities_UsersLogs] FOREIGN KEY([LOG_ID])
REFERENCES [dbo].[UsersLogs] ([LOG_ID])
GO
ALTER TABLE [dbo].[UsersLogActivities] CHECK CONSTRAINT [FK_UsersLogActivities_UsersLogs]
GO
ALTER TABLE [dbo].[UsersLogs]  WITH CHECK ADD  CONSTRAINT [FK_UsersLogs_DBUsers] FOREIGN KEY([USER_ID])
REFERENCES [dbo].[DBUsers] ([USER_ID])
GO
ALTER TABLE [dbo].[UsersLogs] CHECK CONSTRAINT [FK_UsersLogs_DBUsers]
GO
USE [master]
GO
ALTER DATABASE [USALS-2] SET  READ_WRITE 
GO
